{
  "lists": [
    {
      "id": 1,
      "name": "Sales",
      "colorId": 5
    },
    {
      "id": 3,
      "name": "Films",
      "colorId": 3
    },
    {
      "id": 4,
      "name": "Books",
      "colorId": 2
    }
  ],
  "tasks": [
    {
      "listId": 1,
      "text": "test",
      "completed": false,
      "id": 6
    },
    {
      "listId": 1,
      "text": "qweqwe",
      "completed": false,
      "id": 7
    },
    {
      "listId": 1,
      "text": "qweqwe",
      "completed": true,
      "id": 8
    },
    {
      "listId": 1,
      "text": "123",
      "completed": false,
      "id": 9
    }
  ],
  "colors": [
    {
      "id": 1,
      "hex": "#C9D1D3",
      "name": "grey"
    },
    {
      "id": 2,
      "hex": "#42B883",
      "name": "green"
    },
    {
      "id": 3,
      "hex": "#64C4ED",
      "name": "blue"
    },
    {
      "id": 4,
      "hex": "#FFBBCC",
      "name": "pink"
    },
    {
      "id": 5,
      "hex": "#B6E6BD",
      "name": "lime"
    },
    {
      "id": 6,
      "hex": "#C355F5",
      "name": "purple"
    },
    {
      "id": 7,
      "hex": "#110133",
      "name": "black"
    },
    {
      "id": 8,
      "hex": "#FF6464",
      "name": "red"
    }
  ]
}